<?xml version="1.0" encoding="UTF-8"?>
<project-private xmlns="http://www.netbeans.org/ns/project-private/1">
    <editor-bookmarks xmlns="http://www.netbeans.org/ns/editor-bookmarks/2" lastBookmarkId="0"/>
    <open-files xmlns="http://www.netbeans.org/ns/projectui-open-files/2">
        <group>
            <file>file:/H:/2019_Summer/Project/FinalProject/src/finalproject/mainJFrame.java</file>
            <file>file:/H:/2019_Summer/Project/FinalProject/src/finalproject/ordersJFrame.java</file>
            <file>file:/H:/2019_Summer/Project/FinalProject/src/finalproject/newOrderJFrame.java</file>
            <file>file:/H:/2019_Summer/Project/FinalProject/src/finalproject/FinalProject.java</file>
        </group>
    </open-files>
</project-private>
